--
-- PostgreSQL database dump
--

-- Dumped from database version 17.5
-- Dumped by pg_dump version 17.5

SET statement_timeout = 0;
SET lock_timeout = 0;
SET idle_in_transaction_session_timeout = 0;
SET transaction_timeout = 0;
SET client_encoding = 'UTF8';
SET standard_conforming_strings = on;
SELECT pg_catalog.set_config('search_path', '', false);
SET check_function_bodies = false;
SET xmloption = content;
SET client_min_messages = warning;
SET row_security = off;

SET default_tablespace = '';

SET default_table_access_method = heap;

--
-- Name: article_recette; Type: TABLE; Schema: public; Owner: postgres
--

CREATE TABLE public.article_recette (
    num_article_recette bigint NOT NULL,
    montant_ar real,
    type_ar character varying(255),
    code_bordereau bigint,
    adresse_ar character varying(255),
    date_emission_ar date,
    date_exigibilite date,
    date_pec_ar date,
    droits_simples_ar real,
    motif_ar character varying(255),
    total_penalite real,
    code_poste bigint,
    nature_impot_code integer,
    num_chapitre integer,
    num_article integer,
    num_paragraphe integer,
    ligne_rubrique integer,
    notes_traitement_ar character varying(500),
    status_ar character varying(255),
    CONSTRAINT article_recette_status_ar_check CHECK (((status_ar)::text = ANY ((ARRAY['EN_ATTENTE'::character varying, 'VALIDE'::character varying, 'REJETE'::character varying])::text[])))
);


ALTER TABLE public.article_recette OWNER TO postgres;

--
-- Name: article_recette_num_article_recette_seq; Type: SEQUENCE; Schema: public; Owner: postgres
--

ALTER TABLE public.article_recette ALTER COLUMN num_article_recette ADD GENERATED BY DEFAULT AS IDENTITY (
    SEQUENCE NAME public.article_recette_num_article_recette_seq
    START WITH 1
    INCREMENT BY 1
    NO MINVALUE
    NO MAXVALUE
    CACHE 1
);


--
-- Name: bordereau; Type: TABLE; Schema: public; Owner: postgres
--

CREATE TABLE public.bordereau (
    code_bordereau bigint NOT NULL,
    date_emission date,
    date_pec_bord date,
    montant_anterieur real,
    montant_global real,
    type_bordereau character varying(255),
    status character varying(255),
    agent_emetteur_id bigint,
    raison_rejet character varying(500),
    fonctionnaire_pec_id bigint
);


ALTER TABLE public.bordereau OWNER TO postgres;

--
-- Name: contribuable; Type: TABLE; Schema: public; Owner: postgres
--

CREATE TABLE public.contribuable (
    id_contribuable bigint NOT NULL
);


ALTER TABLE public.contribuable OWNER TO postgres;

--
-- Name: contribuable_id_contribuable_seq; Type: SEQUENCE; Schema: public; Owner: postgres
--

ALTER TABLE public.contribuable ALTER COLUMN id_contribuable ADD GENERATED BY DEFAULT AS IDENTITY (
    SEQUENCE NAME public.contribuable_id_contribuable_seq
    START WITH 1
    INCREMENT BY 1
    NO MINVALUE
    NO MAXVALUE
    CACHE 1
);


--
-- Name: fonctionnaire; Type: TABLE; Schema: public; Owner: postgres
--

CREATE TABLE public.fonctionnaire (
    id bigint NOT NULL,
    date_debut_service date,
    date_fin_service date,
    nom_personne character varying(255) NOT NULL,
    prenom_personne character varying(255) NOT NULL,
    poste_comptable_id bigint NOT NULL,
    utilisateur_id bigint
);


ALTER TABLE public.fonctionnaire OWNER TO postgres;

--
-- Name: fonctionnaire_fonctions; Type: TABLE; Schema: public; Owner: postgres
--

CREATE TABLE public.fonctionnaire_fonctions (
    fonctionnaire_id bigint NOT NULL,
    fonction character varying(255)
);


ALTER TABLE public.fonctionnaire_fonctions OWNER TO postgres;

--
-- Name: fonctionnaire_id_seq; Type: SEQUENCE; Schema: public; Owner: postgres
--

ALTER TABLE public.fonctionnaire ALTER COLUMN id ADD GENERATED BY DEFAULT AS IDENTITY (
    SEQUENCE NAME public.fonctionnaire_id_seq
    START WITH 1
    INCREMENT BY 1
    NO MINVALUE
    NO MAXVALUE
    CACHE 1
);


--
-- Name: nature_impot; Type: TABLE; Schema: public; Owner: postgres
--

CREATE TABLE public.nature_impot (
    code_impot integer NOT NULL,
    accroche_impot character varying(255),
    intitule_impot character varying(255),
    majorable integer,
    provenance character varying(255),
    type_impot character varying(255)
);


ALTER TABLE public.nature_impot OWNER TO postgres;

--
-- Name: nature_impot_code_impot_seq; Type: SEQUENCE; Schema: public; Owner: postgres
--

ALTER TABLE public.nature_impot ALTER COLUMN code_impot ADD GENERATED BY DEFAULT AS IDENTITY (
    SEQUENCE NAME public.nature_impot_code_impot_seq
    START WITH 1
    INCREMENT BY 1
    NO MINVALUE
    NO MAXVALUE
    CACHE 1
);


--
-- Name: operation_recette; Type: TABLE; Schema: public; Owner: postgres
--

CREATE TABLE public.operation_recette (
    num_recette bigint NOT NULL,
    date_operation date,
    date_recouv date,
    date_valeur_op date,
    etat_recette character varying(255),
    mode_paiement character varying(255),
    montant_majoration real,
    montant_recette real,
    observation text,
    provenance character varying(255),
    article_recette_id bigint NOT NULL,
    id_contribuable bigint NOT NULL
);


ALTER TABLE public.operation_recette OWNER TO postgres;

--
-- Name: operation_recette_num_recette_seq; Type: SEQUENCE; Schema: public; Owner: postgres
--

ALTER TABLE public.operation_recette ALTER COLUMN num_recette ADD GENERATED BY DEFAULT AS IDENTITY (
    SEQUENCE NAME public.operation_recette_num_recette_seq
    START WITH 1
    INCREMENT BY 1
    NO MINVALUE
    NO MAXVALUE
    CACHE 1
);


--
-- Name: personne_contribuable; Type: TABLE; Schema: public; Owner: postgres
--

CREATE TABLE public.personne_contribuable (
    adresse_auxiliaire character varying(255),
    cin_contribuable character varying(255) NOT NULL,
    nom_contribuable character varying(255) NOT NULL,
    prenom_contribuable character varying(255) NOT NULL,
    id_contribuable bigint NOT NULL
);


ALTER TABLE public.personne_contribuable OWNER TO postgres;

--
-- Name: poste_comptable; Type: TABLE; Schema: public; Owner: postgres
--

CREATE TABLE public.poste_comptable (
    code_poste bigint NOT NULL,
    date_fin_service character varying(255),
    date_mise_oeuvre character varying(255),
    intitule_poste character varying(255) NOT NULL,
    province_poste character varying(255),
    ville_poste character varying(255)
);


ALTER TABLE public.poste_comptable OWNER TO postgres;

--
-- Name: poste_comptable_code_poste_seq; Type: SEQUENCE; Schema: public; Owner: postgres
--

ALTER TABLE public.poste_comptable ALTER COLUMN code_poste ADD GENERATED BY DEFAULT AS IDENTITY (
    SEQUENCE NAME public.poste_comptable_code_poste_seq
    START WITH 1
    INCREMENT BY 1
    NO MINVALUE
    NO MAXVALUE
    CACHE 1
);


--
-- Name: proposition_non_valeur; Type: TABLE; Schema: public; Owner: postgres
--

CREATE TABLE public.proposition_non_valeur (
    id bigint NOT NULL,
    annee_emission_pnv integer NOT NULL,
    date_envoi_pnv date,
    date_recept_pnv date,
    etat_pnv character varying(255),
    montant_pnv real,
    motif_pnv text,
    num_prop integer NOT NULL,
    article_recette_id bigint NOT NULL
);


ALTER TABLE public.proposition_non_valeur OWNER TO postgres;

--
-- Name: proposition_non_valeur_id_seq; Type: SEQUENCE; Schema: public; Owner: postgres
--

ALTER TABLE public.proposition_non_valeur ALTER COLUMN id ADD GENERATED BY DEFAULT AS IDENTITY (
    SEQUENCE NAME public.proposition_non_valeur_id_seq
    START WITH 1
    INCREMENT BY 1
    NO MINVALUE
    NO MAXVALUE
    CACHE 1
);


--
-- Name: rubrique_budgetaire; Type: TABLE; Schema: public; Owner: postgres
--

CREATE TABLE public.rubrique_budgetaire (
    ligne_rubrique integer NOT NULL,
    num_article integer NOT NULL,
    num_chapitre integer NOT NULL,
    num_paragraphe integer NOT NULL,
    libelle_rubrique character varying(255)
);


ALTER TABLE public.rubrique_budgetaire OWNER TO postgres;

--
-- Name: societe_contribuable; Type: TABLE; Schema: public; Owner: postgres
--

CREATE TABLE public.societe_contribuable (
    adresse_fiscale character varying(255),
    id_fiscal character varying(255) NOT NULL,
    raison_sociale character varying(255) NOT NULL,
    type_organisme character varying(255),
    id_contribuable bigint NOT NULL
);


ALTER TABLE public.societe_contribuable OWNER TO postgres;

--
-- Name: utilisateurs; Type: TABLE; Schema: public; Owner: postgres
--

CREATE TABLE public.utilisateurs (
    id_utilisateur bigint NOT NULL,
    cree_le timestamp(6) without time zone,
    derniere_connexion timestamp(6) without time zone,
    email character varying(255),
    mot_de_passe character varying(255) NOT NULL,
    nom_utilisateur character varying(255) NOT NULL,
    role_app character varying(255) NOT NULL
);


ALTER TABLE public.utilisateurs OWNER TO postgres;

--
-- Name: utilisateurs_id_utilisateur_seq; Type: SEQUENCE; Schema: public; Owner: postgres
--

ALTER TABLE public.utilisateurs ALTER COLUMN id_utilisateur ADD GENERATED BY DEFAULT AS IDENTITY (
    SEQUENCE NAME public.utilisateurs_id_utilisateur_seq
    START WITH 1
    INCREMENT BY 1
    NO MINVALUE
    NO MAXVALUE
    CACHE 1
);


--
-- Data for Name: article_recette; Type: TABLE DATA; Schema: public; Owner: postgres
--

COPY public.article_recette (num_article_recette, montant_ar, type_ar, code_bordereau, adresse_ar, date_emission_ar, date_exigibilite, date_pec_ar, droits_simples_ar, motif_ar, total_penalite, code_poste, nature_impot_code, num_chapitre, num_article, num_paragraphe, ligne_rubrique, notes_traitement_ar, status_ar) FROM stdin;
33	1000	TypeAR1	1001	Adresse 1	2024-01-01	2024-01-15	2025-07-10	0	Motif 1	0	\N	1	1	1	1	1	\N	VALIDE
34	2000	TypeAR2	1001	Adresse 2	2024-01-02	2024-01-16	2025-07-10	50	Motif 2	50	\N	2	2	2	2	2	\N	VALIDE
37	6000	TypeAR5	1005	Adresse 5	2024-02-16	2024-03-01	2025-07-10	0	Motif 5	0	\N	1	1	1	1	1	\N	VALIDE
38	6000	TypeAR6	1005	Adresse 6	2024-02-17	2024-03-02	2025-07-10	0	Motif 6	0	\N	2	2	2	2	2	\N	VALIDE
35	3000	TypeAR3	1002	Adresse 3	2024-01-06	2024-01-20	2025-07-10	0	Motif 3	0	4	1	1	1	1	1	\N	VALIDE
36	4500	TypeAR4	1002	Adresse 4	2024-01-07	2024-01-21	2025-07-10	100	Motif 4	100	4	2	2	2	2	2	\N	VALIDE
39	8000	TypeAR7	1006	Adresse 7	2024-02-21	2024-03-05	2025-07-10	0	Motif 7	0	4	1	1	1	1	1	\N	VALIDE
\.


--
-- Data for Name: bordereau; Type: TABLE DATA; Schema: public; Owner: postgres
--

COPY public.bordereau (code_bordereau, date_emission, date_pec_bord, montant_anterieur, montant_global, type_bordereau, status, agent_emetteur_id, raison_rejet, fonctionnaire_pec_id) FROM stdin;
1003	2024-01-10	\N	0	3000	Type C	EN_ATTENTE	5	\N	\N
1001	2024-01-01	2025-07-10	0	5000	Type A	VALIDE	4	\N	1
1005	2024-02-15	2025-07-10	0	12000	Type D	VALIDE	5	\N	1
1002	2024-01-05	2025-07-10	0	7500	Type B	VALIDE	4	\N	1
1006	2024-02-20	2025-07-10	0	8000	Type E	VALIDE	4	\N	1
1004	2024-02-01	\N	0	6000	Type A	REJETE	4	Rejet Retard	\N
\.


--
-- Data for Name: contribuable; Type: TABLE DATA; Schema: public; Owner: postgres
--

COPY public.contribuable (id_contribuable) FROM stdin;
1
2
3
4
5
6
\.


--
-- Data for Name: fonctionnaire; Type: TABLE DATA; Schema: public; Owner: postgres
--

COPY public.fonctionnaire (id, date_debut_service, date_fin_service, nom_personne, prenom_personne, poste_comptable_id, utilisateur_id) FROM stdin;
1	2023-01-01	\N	Abdessalam	Zarrouk	4	2
4	2010-03-01	\N	Dupont	Jean	1	1
5	2015-07-15	\N	Martin	Sophie	2	5
6	2000-01-01	\N	Admin	User	1	3
\.


--
-- Data for Name: fonctionnaire_fonctions; Type: TABLE DATA; Schema: public; Owner: postgres
--

COPY public.fonctionnaire_fonctions (fonctionnaire_id, fonction) FROM stdin;
4	Agent
5	Controleur
6	Admin
\.


--
-- Data for Name: nature_impot; Type: TABLE DATA; Schema: public; Owner: postgres
--

COPY public.nature_impot (code_impot, accroche_impot, intitule_impot, majorable, provenance, type_impot) FROM stdin;
1	IRPP	Impôt sur le Revenu	1	Direct	Revenu
2	TVA	Taxe sur la Valeur Ajoutée	0	Indirect	Consommation
3	DE	Droits d'Enregistrement	1	Mixte	Transaction
10	IR	Imp“t sur le revenu	1928	Tr‚sorerie G‚n‚rale	Imp“t Direct
11	TVA	TVA	1722	Direction G‚n‚rale des Imp“ts	Imp“t Indirect
\.


--
-- Data for Name: operation_recette; Type: TABLE DATA; Schema: public; Owner: postgres
--

COPY public.operation_recette (num_recette, date_operation, date_recouv, date_valeur_op, etat_recette, mode_paiement, montant_majoration, montant_recette, observation, provenance, article_recette_id, id_contribuable) FROM stdin;
11	2025-07-18	2025-07-01	2025-07-03	VALIDÉ	12000	10000	1000	validation complete	RABAT HAY RIAD	33	1
12	2025-07-10	2025-07-03	2025-07-17	EN_ATTENTE	150000	130000	6000	pour societe	RABAT HAY RIAD	37	4
13	2025-07-18	2025-07-03	2025-07-25	VALIDÉ	CHEQUE	1.219029e+06	102004	VALIDE SUCCESS	SETTAT MADINA	38	5
14	2025-07-30	2025-07-01	2025-07-18	EN_ATTENTE	5500	13500	19000	en attente	SETTAT MADINA	39	6
\.


--
-- Data for Name: personne_contribuable; Type: TABLE DATA; Schema: public; Owner: postgres
--

COPY public.personne_contribuable (adresse_auxiliaire, cin_contribuable, nom_contribuable, prenom_contribuable, id_contribuable) FROM stdin;
SETTAT AL MADINA CITY 2301	NZ0Z920	MOHAMMED	ALAWI	5
SETTAT AL MADINA CITY	X01982	Mahmoud	ZARROUK	1
CASABLANCA RUE 292182	LA91827	Ali	ismail	6
\.


--
-- Data for Name: poste_comptable; Type: TABLE DATA; Schema: public; Owner: postgres
--

COPY public.poste_comptable (code_poste, date_fin_service, date_mise_oeuvre, intitule_poste, province_poste, ville_poste) FROM stdin;
4	2024-12-31	2023-01-01	Poste Principal	Province A	Ville A
5	\N	2023-03-15	Poste Secondaire	Province B	Ville B
6	2024-06-30	2022-06-01	Poste Central	Province C	Ville C
1	\N	2000-01-01	Poste Comptable Rabat	Rabat	Rabat
2	\N	2005-05-10	Poste Comptable Sale	Sale	Sale
\.


--
-- Data for Name: proposition_non_valeur; Type: TABLE DATA; Schema: public; Owner: postgres
--

COPY public.proposition_non_valeur (id, annee_emission_pnv, date_envoi_pnv, date_recept_pnv, etat_pnv, montant_pnv, motif_pnv, num_prop, article_recette_id) FROM stdin;
\.


--
-- Data for Name: rubrique_budgetaire; Type: TABLE DATA; Schema: public; Owner: postgres
--

COPY public.rubrique_budgetaire (ligne_rubrique, num_article, num_chapitre, num_paragraphe, libelle_rubrique) FROM stdin;
1	10	1	1	Recettes Fiscales Directes
1	10	1	2	Recettes Fiscales Indirectes
5	20	2	1	Produits des Services Publics
1	1	1	1	Produits ordinaires de letat
2	2	2	2	Recettes fiscales locales
\.


--
-- Data for Name: societe_contribuable; Type: TABLE DATA; Schema: public; Owner: postgres
--

COPY public.societe_contribuable (adresse_fiscale, id_fiscal, raison_sociale, type_organisme, id_contribuable) FROM stdin;
RABAT HAY RIAD RUE N 298	290X9817CV	RAISON	SARL	2
RABAT HAY RIAD AVENUE FRANCE	390X929XS1	RAISON	SARL	3
RABAT HAY RIAD RUE N 2902	290X9817CV12	RAISON	SARL	4
\.


--
-- Data for Name: utilisateurs; Type: TABLE DATA; Schema: public; Owner: postgres
--

COPY public.utilisateurs (id_utilisateur, cree_le, derniere_connexion, email, mot_de_passe, nom_utilisateur, role_app) FROM stdin;
1	2024-01-01 00:00:00	\N	user1@example.com	hashed_password_user1	user1	ROLE_USER
5	2024-01-01 00:00:00	\N	user2@example.com	hashed_password_user2	user2	ROLE_AGENT
3	2024-01-01 00:00:00	\N	admin@example.com	hashed_password_admin	admin	ROLE_ADMIN
4	2025-07-25 20:38:46.703	\N	mohammed@gmail.com	$2a$10$msjm61eQYzoukWYdFtqciu47ZwR7cBKS6ikauZvpIPpaolrRaOBkO	mohammed	ADMIN
2	2025-07-02 01:02:41.24	\N	abdouzaza03150@gmail.com	$2a$10$bdes8zthFIzxLcwjLcZhdeg00GmUWTd1BZ5XLpoAcEjmhvUjIkL3G	abdessalam	COMPTABLE
\.


--
-- Name: article_recette_num_article_recette_seq; Type: SEQUENCE SET; Schema: public; Owner: postgres
--

SELECT pg_catalog.setval('public.article_recette_num_article_recette_seq', 39, true);


--
-- Name: contribuable_id_contribuable_seq; Type: SEQUENCE SET; Schema: public; Owner: postgres
--

SELECT pg_catalog.setval('public.contribuable_id_contribuable_seq', 6, true);


--
-- Name: fonctionnaire_id_seq; Type: SEQUENCE SET; Schema: public; Owner: postgres
--

SELECT pg_catalog.setval('public.fonctionnaire_id_seq', 6, true);


--
-- Name: nature_impot_code_impot_seq; Type: SEQUENCE SET; Schema: public; Owner: postgres
--

SELECT pg_catalog.setval('public.nature_impot_code_impot_seq', 11, true);


--
-- Name: operation_recette_num_recette_seq; Type: SEQUENCE SET; Schema: public; Owner: postgres
--

SELECT pg_catalog.setval('public.operation_recette_num_recette_seq', 14, true);


--
-- Name: poste_comptable_code_poste_seq; Type: SEQUENCE SET; Schema: public; Owner: postgres
--

SELECT pg_catalog.setval('public.poste_comptable_code_poste_seq', 12, true);


--
-- Name: proposition_non_valeur_id_seq; Type: SEQUENCE SET; Schema: public; Owner: postgres
--

SELECT pg_catalog.setval('public.proposition_non_valeur_id_seq', 7, true);


--
-- Name: utilisateurs_id_utilisateur_seq; Type: SEQUENCE SET; Schema: public; Owner: postgres
--

SELECT pg_catalog.setval('public.utilisateurs_id_utilisateur_seq', 4, true);


--
-- Name: article_recette article_recette_pkey; Type: CONSTRAINT; Schema: public; Owner: postgres
--

ALTER TABLE ONLY public.article_recette
    ADD CONSTRAINT article_recette_pkey PRIMARY KEY (num_article_recette);


--
-- Name: bordereau bordereau_pkey; Type: CONSTRAINT; Schema: public; Owner: postgres
--

ALTER TABLE ONLY public.bordereau
    ADD CONSTRAINT bordereau_pkey PRIMARY KEY (code_bordereau);


--
-- Name: contribuable contribuable_pkey; Type: CONSTRAINT; Schema: public; Owner: postgres
--

ALTER TABLE ONLY public.contribuable
    ADD CONSTRAINT contribuable_pkey PRIMARY KEY (id_contribuable);


--
-- Name: fonctionnaire fonctionnaire_pkey; Type: CONSTRAINT; Schema: public; Owner: postgres
--

ALTER TABLE ONLY public.fonctionnaire
    ADD CONSTRAINT fonctionnaire_pkey PRIMARY KEY (id);


--
-- Name: nature_impot nature_impot_pkey; Type: CONSTRAINT; Schema: public; Owner: postgres
--

ALTER TABLE ONLY public.nature_impot
    ADD CONSTRAINT nature_impot_pkey PRIMARY KEY (code_impot);


--
-- Name: operation_recette operation_recette_pkey; Type: CONSTRAINT; Schema: public; Owner: postgres
--

ALTER TABLE ONLY public.operation_recette
    ADD CONSTRAINT operation_recette_pkey PRIMARY KEY (num_recette);


--
-- Name: personne_contribuable personne_contribuable_pkey; Type: CONSTRAINT; Schema: public; Owner: postgres
--

ALTER TABLE ONLY public.personne_contribuable
    ADD CONSTRAINT personne_contribuable_pkey PRIMARY KEY (id_contribuable);


--
-- Name: poste_comptable poste_comptable_pkey; Type: CONSTRAINT; Schema: public; Owner: postgres
--

ALTER TABLE ONLY public.poste_comptable
    ADD CONSTRAINT poste_comptable_pkey PRIMARY KEY (code_poste);


--
-- Name: proposition_non_valeur proposition_non_valeur_pkey; Type: CONSTRAINT; Schema: public; Owner: postgres
--

ALTER TABLE ONLY public.proposition_non_valeur
    ADD CONSTRAINT proposition_non_valeur_pkey PRIMARY KEY (id);


--
-- Name: rubrique_budgetaire rubrique_budgetaire_pkey; Type: CONSTRAINT; Schema: public; Owner: postgres
--

ALTER TABLE ONLY public.rubrique_budgetaire
    ADD CONSTRAINT rubrique_budgetaire_pkey PRIMARY KEY (ligne_rubrique, num_article, num_chapitre, num_paragraphe);


--
-- Name: societe_contribuable societe_contribuable_pkey; Type: CONSTRAINT; Schema: public; Owner: postgres
--

ALTER TABLE ONLY public.societe_contribuable
    ADD CONSTRAINT societe_contribuable_pkey PRIMARY KEY (id_contribuable);


--
-- Name: proposition_non_valeur uk4nybv2prjqyibb0miqy2kwh2u; Type: CONSTRAINT; Schema: public; Owner: postgres
--

ALTER TABLE ONLY public.proposition_non_valeur
    ADD CONSTRAINT uk4nybv2prjqyibb0miqy2kwh2u UNIQUE (num_prop);


--
-- Name: utilisateurs uk6ldvumu3hqvnmmxy1b6lsxwqy; Type: CONSTRAINT; Schema: public; Owner: postgres
--

ALTER TABLE ONLY public.utilisateurs
    ADD CONSTRAINT uk6ldvumu3hqvnmmxy1b6lsxwqy UNIQUE (email);


--
-- Name: utilisateurs uka2ykdvttcaxt46ks7qlwda4hr; Type: CONSTRAINT; Schema: public; Owner: postgres
--

ALTER TABLE ONLY public.utilisateurs
    ADD CONSTRAINT uka2ykdvttcaxt46ks7qlwda4hr UNIQUE (nom_utilisateur);


--
-- Name: societe_contribuable ukicx3dysl2fdaulxl18eu9rvy3; Type: CONSTRAINT; Schema: public; Owner: postgres
--

ALTER TABLE ONLY public.societe_contribuable
    ADD CONSTRAINT ukicx3dysl2fdaulxl18eu9rvy3 UNIQUE (id_fiscal);


--
-- Name: personne_contribuable uknvoasgc2u5k6i5rfq2t69p48o; Type: CONSTRAINT; Schema: public; Owner: postgres
--

ALTER TABLE ONLY public.personne_contribuable
    ADD CONSTRAINT uknvoasgc2u5k6i5rfq2t69p48o UNIQUE (cin_contribuable);


--
-- Name: fonctionnaire ukt3fmrvl6ug4gtaslmchhfotnj; Type: CONSTRAINT; Schema: public; Owner: postgres
--

ALTER TABLE ONLY public.fonctionnaire
    ADD CONSTRAINT ukt3fmrvl6ug4gtaslmchhfotnj UNIQUE (utilisateur_id);


--
-- Name: proposition_non_valeur ukt8cq1lu35d95mqp5idjy5hjxr; Type: CONSTRAINT; Schema: public; Owner: postgres
--

ALTER TABLE ONLY public.proposition_non_valeur
    ADD CONSTRAINT ukt8cq1lu35d95mqp5idjy5hjxr UNIQUE (article_recette_id);


--
-- Name: utilisateurs utilisateurs_pkey; Type: CONSTRAINT; Schema: public; Owner: postgres
--

ALTER TABLE ONLY public.utilisateurs
    ADD CONSTRAINT utilisateurs_pkey PRIMARY KEY (id_utilisateur);


--
-- Name: fonctionnaire fk2ao65wtiiuy5yktfyf20qeg45; Type: FK CONSTRAINT; Schema: public; Owner: postgres
--

ALTER TABLE ONLY public.fonctionnaire
    ADD CONSTRAINT fk2ao65wtiiuy5yktfyf20qeg45 FOREIGN KEY (utilisateur_id) REFERENCES public.utilisateurs(id_utilisateur);


--
-- Name: fonctionnaire_fonctions fk46r70trprnrem5ubhj59qai38; Type: FK CONSTRAINT; Schema: public; Owner: postgres
--

ALTER TABLE ONLY public.fonctionnaire_fonctions
    ADD CONSTRAINT fk46r70trprnrem5ubhj59qai38 FOREIGN KEY (fonctionnaire_id) REFERENCES public.fonctionnaire(id);


--
-- Name: operation_recette fk838s6yijsxgeuwj6q1n8eby6o; Type: FK CONSTRAINT; Schema: public; Owner: postgres
--

ALTER TABLE ONLY public.operation_recette
    ADD CONSTRAINT fk838s6yijsxgeuwj6q1n8eby6o FOREIGN KEY (article_recette_id) REFERENCES public.article_recette(num_article_recette);


--
-- Name: bordereau fk8js4jkkpkv2c51iiltufneuxt; Type: FK CONSTRAINT; Schema: public; Owner: postgres
--

ALTER TABLE ONLY public.bordereau
    ADD CONSTRAINT fk8js4jkkpkv2c51iiltufneuxt FOREIGN KEY (fonctionnaire_pec_id) REFERENCES public.fonctionnaire(id);


--
-- Name: societe_contribuable fk9viuyr8mdsa352w5b7v7rp5c1; Type: FK CONSTRAINT; Schema: public; Owner: postgres
--

ALTER TABLE ONLY public.societe_contribuable
    ADD CONSTRAINT fk9viuyr8mdsa352w5b7v7rp5c1 FOREIGN KEY (id_contribuable) REFERENCES public.contribuable(id_contribuable);


--
-- Name: article_recette fkbiksoxg49206o02m1f83pqtg7; Type: FK CONSTRAINT; Schema: public; Owner: postgres
--

ALTER TABLE ONLY public.article_recette
    ADD CONSTRAINT fkbiksoxg49206o02m1f83pqtg7 FOREIGN KEY (code_poste) REFERENCES public.poste_comptable(code_poste);


--
-- Name: article_recette fkdcd7ys3aw2vuabcic4xtuihmu; Type: FK CONSTRAINT; Schema: public; Owner: postgres
--

ALTER TABLE ONLY public.article_recette
    ADD CONSTRAINT fkdcd7ys3aw2vuabcic4xtuihmu FOREIGN KEY (nature_impot_code) REFERENCES public.nature_impot(code_impot);


--
-- Name: personne_contribuable fke6ppmtdmleidsxl0sp88bjxb4; Type: FK CONSTRAINT; Schema: public; Owner: postgres
--

ALTER TABLE ONLY public.personne_contribuable
    ADD CONSTRAINT fke6ppmtdmleidsxl0sp88bjxb4 FOREIGN KEY (id_contribuable) REFERENCES public.contribuable(id_contribuable);


--
-- Name: fonctionnaire fkhobx9dv0tmj82jk56hroylhf0; Type: FK CONSTRAINT; Schema: public; Owner: postgres
--

ALTER TABLE ONLY public.fonctionnaire
    ADD CONSTRAINT fkhobx9dv0tmj82jk56hroylhf0 FOREIGN KEY (poste_comptable_id) REFERENCES public.poste_comptable(code_poste);


--
-- Name: proposition_non_valeur fkklxb8kksfj7l7uvgg7gkbh7l9; Type: FK CONSTRAINT; Schema: public; Owner: postgres
--

ALTER TABLE ONLY public.proposition_non_valeur
    ADD CONSTRAINT fkklxb8kksfj7l7uvgg7gkbh7l9 FOREIGN KEY (article_recette_id) REFERENCES public.article_recette(num_article_recette);


--
-- Name: operation_recette fknhwiw348179vmkc9bu31hwqpc; Type: FK CONSTRAINT; Schema: public; Owner: postgres
--

ALTER TABLE ONLY public.operation_recette
    ADD CONSTRAINT fknhwiw348179vmkc9bu31hwqpc FOREIGN KEY (id_contribuable) REFERENCES public.contribuable(id_contribuable);


--
-- Name: article_recette fkp8l4ij5m4k1nl9egoss3avjx; Type: FK CONSTRAINT; Schema: public; Owner: postgres
--

ALTER TABLE ONLY public.article_recette
    ADD CONSTRAINT fkp8l4ij5m4k1nl9egoss3avjx FOREIGN KEY (num_chapitre, num_article, num_paragraphe, ligne_rubrique) REFERENCES public.rubrique_budgetaire(ligne_rubrique, num_article, num_chapitre, num_paragraphe);


--
-- Name: bordereau fkpw5b2h04w79cedexvw3trqsqn; Type: FK CONSTRAINT; Schema: public; Owner: postgres
--

ALTER TABLE ONLY public.bordereau
    ADD CONSTRAINT fkpw5b2h04w79cedexvw3trqsqn FOREIGN KEY (agent_emetteur_id) REFERENCES public.fonctionnaire(id);


--
-- Name: article_recette fksb4d17oo5qr750vaao214g1bi; Type: FK CONSTRAINT; Schema: public; Owner: postgres
--

ALTER TABLE ONLY public.article_recette
    ADD CONSTRAINT fksb4d17oo5qr750vaao214g1bi FOREIGN KEY (code_bordereau) REFERENCES public.bordereau(code_bordereau);


--
-- PostgreSQL database dump complete
--

